user_id,country,subscription_plan,signup_date
1,FR,Standard,2019-03-23
2,BR,Basic,2022-11-25
3,IN,Premium,2017-04-01
4,FR,Basic,2020-02-15
5,DE,Standard,2022-08-10
6,US,Basic,2023-09-02
7,UK,Standard,2018-10-05
8,IN,Basic,2021-07-22
9,CA,Basic,2018-04-30
10,CA,Standard,2017-10-24
11,DE,Basic,2019-06-22
12,BR,Basic,2023-03-13
13,IN,Premium,2021-10-29
14,FR,Basic,2020-06-04
15,FR,Standard,2018-12-24
16,CA,Standard,2017-12-29
17,UK,Basic,2018-11-24
18,CA,Standard,2018-01-26
19,BR,Basic,2018-04-24
20,BR,Standard,2021-10-24
21,UK,Basic,2017-12-06
22,UK,Basic,2017-05-02
23,UK,Basic,2020-10-18
24,AU,Premium,2019-01-03
25,DE,Standard,2020-03-08
26,BR,Premium,2017-12-24
27,DE,Standard,2018-06-21
28,IN,Standard,2020-02-02
29,FR,Standard,2021-10-30
30,UK,Premium,2019-11-26
31,AU,Standard,2020-10-16
32,IN,Basic,2020-08-26
33,BR,Standard,2018-11-19
34,AU,Standard,2018-12-16
35,US,Basic,2019-12-25
36,CA,Basic,2017-03-23
37,FR,Basic,2021-10-18
38,UK,Premium,2021-04-20
39,DE,Basic,2019-02-22
40,US,Premium,2019-08-14
41,DE,Standard,2019-04-21
42,DE,Standard,2021-07-23
43,UK,Basic,2022-04-26
44,IN,Premium,2017-10-05
45,FR,Standard,2019-11-23
46,DE,Basic,2017-02-05
47,CA,Basic,2020-03-01
48,FR,Basic,2018-09-27
49,US,Basic,2019-05-09
50,UK,Standard,2020-03-12
51,DE,Premium,2019-04-08
52,US,Standard,2019-10-05
53,DE,Standard,2022-05-09
54,UK,Standard,2022-09-03
55,BR,Premium,2017-01-15
56,BR,Premium,2019-08-24
57,CA,Basic,2022-12-05
58,FR,Premium,2020-09-17
59,IN,Basic,2018-06-09
60,DE,Premium,2021-02-26
61,DE,Premium,2018-01-06
62,BR,Standard,2017-02-25
63,DE,Basic,2021-06-05
64,CA,Standard,2020-08-09
65,UK,Basic,2022-04-18
66,UK,Standard,2019-06-01
67,DE,Basic,2022-12-24
68,US,Standard,2019-12-13
69,US,Premium,2022-03-02
70,AU,Basic,2017-09-14
71,US,Basic,2017-09-06
72,IN,Standard,2022-06-24
73,IN,Standard,2022-11-02
74,FR,Basic,2023-08-06
75,AU,Basic,2019-04-10
76,CA,Standard,2017-02-26
77,UK,Standard,2023-11-10
78,US,Standard,2021-03-18
79,FR,Basic,2018-09-24
80,IN,Standard,2022-05-07
81,AU,Basic,2023-04-30
82,DE,Basic,2018-12-29
83,US,Standard,2022-05-22
84,AU,Basic,2022-07-06
85,IN,Standard,2020-07-06
86,BR,Premium,2021-06-05
87,DE,Standard,2018-11-20
88,DE,Standard,2023-07-03
89,DE,Basic,2023-11-18
90,IN,Basic,2023-11-13
91,US,Basic,2022-02-28
92,AU,Standard,2017-04-19
93,US,Premium,2019-07-26
94,DE,Basic,2020-02-12
95,UK,Basic,2023-09-20
96,IN,Basic,2020-10-30
97,IN,Standard,2020-10-02
98,AU,Standard,2018-01-11
99,BR,Standard,2022-07-22
100,US,Premium,2019-05-10
101,US,Basic,2017-08-23
102,AU,Standard,2023-11-30
103,DE,Standard,2018-05-01
104,CA,Basic,2017-02-11
105,BR,Premium,2017-07-18
106,IN,Basic,2020-03-02
107,CA,Standard,2017-09-21
108,BR,Standard,2022-11-24
109,FR,Premium,2020-08-02
110,FR,Standard,2019-04-08
111,BR,Basic,2017-01-09
112,DE,Premium,2020-05-11
113,DE,Standard,2018-01-22
114,FR,Standard,2023-11-05
115,US,Standard,2019-01-15
116,US,Basic,2020-04-28
117,BR,Standard,2017-02-17
118,US,Premium,2017-12-01
119,FR,Basic,2018-06-15
120,UK,Standard,2017-05-13
121,US,Premium,2022-01-30
122,FR,Standard,2023-08-14
123,BR,Premium,2023-11-24
124,DE,Basic,2018-11-11
125,US,Premium,2022-07-10
126,US,Basic,2020-07-12
127,US,Standard,2017-04-28
128,AU,Standard,2017-08-20
129,UK,Standard,2020-11-01
130,UK,Premium,2019-12-19
131,CA,Standard,2017-01-22
132,DE,Standard,2023-07-06
133,AU,Standard,2022-02-10
134,DE,Standard,2020-07-08
135,IN,Standard,2023-11-28
136,US,Basic,2023-10-19
137,US,Standard,2023-10-26
138,IN,Premium,2018-10-24
139,CA,Standard,2023-03-02
140,DE,Standard,2020-07-13
141,UK,Basic,2022-01-30
142,CA,Standard,2023-01-06
143,FR,Basic,2018-02-22
144,AU,Basic,2020-02-20
145,CA,Standard,2017-11-26
146,BR,Basic,2018-12-16
147,FR,Basic,2019-11-23
148,IN,Standard,2022-12-27
149,CA,Standard,2023-01-14
150,BR,Standard,2019-09-24
151,CA,Basic,2019-04-22
152,AU,Standard,2020-09-18
153,IN,Standard,2023-05-20
154,UK,Standard,2023-11-02
155,CA,Standard,2018-08-03
156,FR,Basic,2018-04-22
157,CA,Premium,2021-12-12
158,FR,Basic,2019-02-10
159,BR,Standard,2018-05-26
160,UK,Basic,2017-03-21
161,US,Standard,2019-10-28
162,US,Basic,2019-09-29
163,US,Premium,2020-12-10
164,CA,Basic,2018-05-27
165,US,Standard,2021-12-31
166,IN,Basic,2021-10-05
167,UK,Basic,2020-03-27
168,BR,Standard,2018-04-09
169,BR,Standard,2020-07-19
170,BR,Standard,2021-09-21
171,FR,Premium,2019-08-11
172,UK,Standard,2018-11-05
173,AU,Premium,2020-07-18
174,US,Basic,2019-06-27
175,DE,Standard,2019-10-21
176,DE,Standard,2019-06-11
177,IN,Standard,2019-02-15
178,FR,Premium,2022-01-07
179,BR,Standard,2020-03-22
180,AU,Premium,2020-04-07
181,DE,Standard,2021-07-28
182,BR,Basic,2019-07-13
183,US,Standard,2017-09-16
184,AU,Standard,2022-12-20
185,US,Premium,2017-05-23
186,BR,Premium,2021-01-01
187,DE,Basic,2018-11-11
188,AU,Basic,2018-07-01
189,US,Basic,2017-04-18
190,DE,Standard,2023-04-20
191,AU,Basic,2020-01-03
192,CA,Standard,2019-05-26
193,UK,Standard,2022-03-10
194,CA,Premium,2017-04-10
195,UK,Basic,2020-12-13
196,DE,Standard,2020-06-18
197,FR,Basic,2020-11-15
198,UK,Premium,2017-11-13
199,US,Basic,2023-09-01
200,US,Basic,2018-09-02
201,AU,Basic,2021-10-01
202,AU,Premium,2022-03-25
203,US,Basic,2019-05-30
204,US,Standard,2017-12-01
205,CA,Standard,2019-01-29
206,AU,Standard,2022-08-25
207,IN,Basic,2023-05-07
208,BR,Basic,2023-07-23
209,UK,Standard,2018-08-02
210,IN,Basic,2021-03-31
211,CA,Standard,2018-01-22
212,IN,Basic,2021-12-21
213,FR,Standard,2019-11-29
214,UK,Basic,2021-12-29
215,IN,Standard,2021-10-18
216,IN,Basic,2023-12-13
217,DE,Standard,2020-06-02
218,US,Basic,2019-05-23
219,CA,Premium,2020-09-08
220,AU,Standard,2018-02-21
221,UK,Basic,2017-10-13
222,UK,Basic,2020-08-19
223,IN,Basic,2022-10-11
224,UK,Basic,2020-09-24
225,DE,Basic,2022-06-22
226,IN,Premium,2018-03-31
227,FR,Standard,2020-02-23
228,IN,Basic,2021-04-17
229,CA,Standard,2019-06-08
230,DE,Basic,2017-02-06
231,DE,Premium,2017-07-07
232,IN,Basic,2023-06-30
233,US,Standard,2021-03-27
234,US,Standard,2018-11-08
235,BR,Basic,2018-10-24
236,IN,Basic,2017-04-12
237,BR,Basic,2023-08-12
238,UK,Premium,2017-10-04
239,AU,Standard,2022-04-26
240,UK,Standard,2018-09-07
241,IN,Standard,2019-05-08
242,US,Premium,2018-12-02
243,AU,Standard,2022-10-09
244,UK,Standard,2017-03-25
245,BR,Standard,2019-06-20
246,UK,Basic,2018-12-16
247,BR,Premium,2018-11-29
248,DE,Basic,2018-05-09
249,CA,Basic,2023-05-22
250,US,Premium,2019-08-26
251,IN,Basic,2019-12-05
252,US,Basic,2019-09-12
253,UK,Basic,2023-11-11
254,FR,Standard,2019-05-17
255,UK,Premium,2019-05-24
256,US,Basic,2019-04-19
257,FR,Basic,2019-04-16
258,IN,Standard,2017-08-18
259,IN,Premium,2021-03-25
260,AU,Basic,2017-03-06
261,CA,Premium,2018-08-01
262,DE,Premium,2018-06-01
263,US,Basic,2019-01-16
264,AU,Premium,2022-04-18
265,FR,Standard,2021-03-13
266,CA,Standard,2023-12-08
267,IN,Standard,2019-06-17
268,CA,Premium,2023-07-02
269,UK,Standard,2017-04-25
270,IN,Standard,2020-07-12
271,FR,Premium,2022-08-04
272,BR,Standard,2020-09-21
273,FR,Premium,2023-07-14
274,BR,Premium,2019-03-16
275,FR,Basic,2017-03-27
276,CA,Basic,2022-06-02
277,CA,Standard,2017-06-23
278,BR,Premium,2022-05-09
279,CA,Basic,2022-02-18
280,DE,Standard,2022-11-28
281,CA,Basic,2020-05-09
282,UK,Basic,2023-04-08
283,FR,Standard,2018-03-11
284,US,Basic,2020-01-16
285,DE,Premium,2017-11-08
286,AU,Basic,2022-05-15
287,CA,Premium,2021-12-31
288,CA,Basic,2022-08-24
289,UK,Premium,2022-05-08
290,BR,Standard,2019-02-28
291,DE,Basic,2017-06-23
292,IN,Basic,2023-07-04
293,CA,Basic,2020-06-13
294,IN,Standard,2017-08-30
295,CA,Premium,2023-06-28
296,IN,Standard,2023-12-17
297,US,Standard,2020-02-13
298,BR,Standard,2022-05-23
299,UK,Standard,2017-04-03
300,US,Standard,2017-08-27
301,UK,Standard,2018-12-08
302,CA,Standard,2021-08-05
303,US,Premium,2017-12-08
304,FR,Basic,2017-03-29
305,UK,Basic,2021-09-06
306,UK,Basic,2022-05-23
307,BR,Standard,2022-03-05
308,CA,Basic,2022-08-05
309,DE,Premium,2022-08-15
310,US,Standard,2021-03-20
311,DE,Standard,2020-08-20
312,UK,Standard,2022-12-31
313,CA,Basic,2019-06-09
314,CA,Premium,2017-09-08
315,BR,Basic,2022-04-07
316,CA,Standard,2018-12-07
317,BR,Premium,2023-11-07
318,AU,Standard,2019-11-25
319,DE,Premium,2022-12-18
320,UK,Basic,2017-04-19
321,BR,Premium,2021-08-12
322,AU,Standard,2020-02-20
323,CA,Standard,2020-03-28
324,AU,Basic,2018-11-09
325,AU,Basic,2023-10-19
326,US,Standard,2019-10-01
327,CA,Basic,2022-12-14
328,IN,Standard,2019-12-23
329,CA,Premium,2017-05-04
330,FR,Premium,2023-02-26
331,CA,Basic,2018-04-19
332,IN,Premium,2018-11-22
333,US,Basic,2023-01-10
334,CA,Standard,2023-04-04
335,CA,Premium,2023-06-02
336,US,Basic,2019-12-25
337,FR,Basic,2022-04-19
338,CA,Basic,2019-04-18
339,BR,Standard,2022-03-08
340,FR,Premium,2020-07-08
341,UK,Basic,2017-05-13
342,AU,Basic,2019-12-04
343,IN,Standard,2020-04-10
344,IN,Basic,2018-10-20
345,US,Standard,2019-08-16
346,IN,Premium,2020-07-08
347,FR,Standard,2017-05-08
348,AU,Premium,2018-01-24
349,DE,Standard,2022-05-14
350,IN,Premium,2019-06-19
351,UK,Basic,2021-04-05
352,CA,Basic,2020-12-17
353,US,Standard,2020-11-09
354,BR,Basic,2019-11-23
355,IN,Premium,2020-05-20
356,UK,Standard,2022-10-07
357,IN,Premium,2023-10-03
358,CA,Basic,2018-10-19
359,CA,Standard,2021-09-08
360,FR,Standard,2023-10-15
361,FR,Basic,2017-01-20
362,AU,Standard,2022-06-29
363,BR,Standard,2020-06-23
364,UK,Premium,2023-10-10
365,BR,Standard,2021-01-18
366,DE,Basic,2022-11-13
367,BR,Standard,2018-03-01
368,US,Standard,2017-12-30
369,CA,Basic,2023-06-27
370,CA,Standard,2020-09-07
371,AU,Basic,2020-11-28
372,CA,Basic,2018-03-11
373,AU,Standard,2018-08-03
374,IN,Basic,2022-09-23
375,US,Standard,2019-02-15
376,BR,Basic,2021-02-02
377,US,Standard,2019-03-21
378,US,Basic,2018-11-05
379,FR,Premium,2018-03-01
380,UK,Basic,2023-07-05
381,UK,Standard,2023-07-31
382,US,Basic,2017-10-22
383,FR,Basic,2019-06-22
384,CA,Standard,2020-12-12
385,US,Premium,2019-09-07
386,FR,Premium,2022-01-17
387,DE,Basic,2018-10-28
388,IN,Basic,2017-05-31
389,US,Standard,2019-05-12
390,IN,Standard,2021-03-09
391,BR,Basic,2018-04-07
392,DE,Standard,2022-09-17
393,UK,Standard,2017-02-01
394,FR,Standard,2017-06-22
395,FR,Basic,2020-07-24
396,CA,Standard,2020-08-02
397,FR,Basic,2019-01-24
398,US,Standard,2018-10-23
399,FR,Basic,2017-06-28
400,AU,Standard,2021-08-22
401,FR,Standard,2019-08-27
402,BR,Standard,2017-10-31
403,UK,Basic,2019-10-19
404,AU,Basic,2023-07-24
405,BR,Standard,2018-10-30
406,AU,Standard,2023-04-06
407,IN,Premium,2018-10-24
408,IN,Basic,2018-04-21
409,FR,Premium,2018-10-29
410,AU,Basic,2019-04-07
411,BR,Basic,2017-11-05
412,DE,Basic,2021-02-10
413,CA,Standard,2019-05-03
414,CA,Basic,2022-01-10
415,US,Basic,2020-06-08
416,CA,Standard,2020-02-06
417,US,Standard,2020-04-18
418,CA,Basic,2018-02-04
419,AU,Basic,2021-12-28
420,CA,Standard,2017-09-24
421,IN,Basic,2022-01-19
422,UK,Basic,2023-12-31
423,US,Standard,2022-05-07
424,IN,Basic,2020-03-09
425,AU,Standard,2019-03-15
426,BR,Basic,2023-02-09
427,AU,Basic,2018-10-20
428,FR,Basic,2020-05-17
429,IN,Basic,2022-05-25
430,US,Basic,2023-06-16
431,BR,Basic,2023-06-12
432,IN,Premium,2017-08-13
433,UK,Premium,2023-04-15
434,UK,Basic,2017-10-19
435,FR,Standard,2021-02-02
436,CA,Standard,2023-07-05
437,BR,Premium,2021-08-01
438,UK,Basic,2023-08-19
439,CA,Basic,2019-05-31
440,UK,Basic,2019-03-16
441,BR,Basic,2019-04-14
442,UK,Basic,2019-06-27
443,FR,Premium,2021-10-12
444,BR,Premium,2020-03-02
445,CA,Basic,2022-02-28
446,BR,Standard,2019-11-30
447,UK,Basic,2019-02-26
448,IN,Standard,2018-05-01
449,US,Standard,2020-11-09
450,US,Basic,2023-04-16
451,BR,Premium,2023-01-05
452,BR,Premium,2018-10-10
453,AU,Standard,2020-05-05
454,IN,Standard,2021-12-08
455,DE,Standard,2021-04-15
456,US,Basic,2017-06-21
457,UK,Basic,2021-02-19
458,IN,Standard,2017-04-10
459,UK,Basic,2017-10-25
460,DE,Premium,2021-07-29
461,US,Standard,2017-09-20
462,DE,Standard,2019-05-17
463,US,Basic,2021-02-13
464,CA,Premium,2021-08-03
465,US,Basic,2020-02-14
466,FR,Basic,2017-08-29
467,UK,Basic,2022-08-05
468,CA,Standard,2023-08-25
469,FR,Premium,2023-03-22
470,US,Basic,2022-03-29
471,CA,Premium,2019-10-26
472,US,Basic,2023-02-18
473,DE,Standard,2020-06-01
474,AU,Basic,2017-12-15
475,US,Standard,2022-12-14
476,UK,Standard,2019-03-30
477,US,Standard,2023-07-28
478,UK,Basic,2019-07-31
479,IN,Premium,2023-02-01
480,UK,Premium,2020-10-05
481,IN,Standard,2020-04-09
482,AU,Standard,2019-01-29
483,AU,Standard,2022-11-07
484,FR,Basic,2017-06-04
485,IN,Premium,2020-04-13
486,AU,Basic,2019-08-01
487,BR,Standard,2020-10-20
488,UK,Basic,2018-10-13
489,US,Basic,2021-08-26
490,CA,Standard,2019-09-14
491,AU,Standard,2018-04-26
492,FR,Premium,2018-05-19
493,UK,Premium,2021-11-16
494,UK,Basic,2018-11-01
495,UK,Basic,2019-02-25
496,BR,Basic,2021-05-22
497,FR,Standard,2019-04-23
498,AU,Standard,2019-09-20
499,UK,Premium,2018-09-17
500,DE,Standard,2019-06-02
501,CA,Basic,2021-11-06
502,AU,Standard,2020-09-26
503,FR,Standard,2023-12-25
504,FR,Standard,2022-05-27
505,DE,Basic,2017-02-13
506,UK,Basic,2019-08-27
507,AU,Standard,2019-01-11
508,DE,Basic,2021-02-10
509,IN,Standard,2018-11-11
510,CA,Basic,2023-10-06
511,UK,Standard,2019-02-05
512,BR,Standard,2020-08-27
513,CA,Premium,2017-11-11
514,CA,Basic,2023-05-15
515,BR,Basic,2023-05-20
516,UK,Basic,2022-07-22
517,UK,Standard,2019-06-18
518,FR,Basic,2017-05-31
519,US,Standard,2021-12-23
520,CA,Basic,2020-01-02
521,CA,Basic,2023-12-07
522,CA,Standard,2021-11-20
523,US,Standard,2020-10-08
524,IN,Premium,2023-11-28
525,UK,Standard,2022-08-09
526,CA,Standard,2020-03-17
527,CA,Standard,2017-02-18
528,DE,Standard,2017-08-26
529,BR,Basic,2020-02-09
530,UK,Standard,2020-12-07
531,CA,Standard,2017-03-19
532,US,Basic,2017-11-20
533,DE,Standard,2021-12-06
534,US,Standard,2022-04-05
535,AU,Standard,2017-03-18
536,BR,Basic,2020-07-21
537,UK,Standard,2017-07-26
538,AU,Premium,2022-01-24
539,UK,Basic,2022-11-02
540,US,Basic,2023-02-01
541,AU,Basic,2021-03-09
542,AU,Basic,2021-05-27
543,UK,Premium,2023-06-27
544,FR,Standard,2021-04-15
545,US,Basic,2020-02-15
546,IN,Basic,2022-04-13
547,IN,Premium,2021-02-19
548,IN,Basic,2022-11-24
549,FR,Standard,2020-09-03
550,IN,Basic,2023-01-31
551,FR,Basic,2017-04-25
552,BR,Standard,2017-04-04
553,US,Basic,2017-09-11
554,DE,Standard,2020-11-22
555,DE,Basic,2021-12-18
556,FR,Standard,2018-07-07
557,US,Standard,2018-02-03
558,UK,Standard,2023-01-09
559,AU,Basic,2022-04-03
560,CA,Standard,2021-07-16
561,IN,Premium,2020-06-02
562,IN,Basic,2019-12-11
563,DE,Basic,2017-02-22
564,CA,Premium,2018-04-26
565,CA,Basic,2023-04-12
566,UK,Standard,2019-05-17
567,CA,Standard,2021-12-06
568,CA,Basic,2021-12-04
569,US,Standard,2019-03-02
570,US,Standard,2018-06-07
571,BR,Basic,2021-11-03
572,IN,Premium,2017-08-28
573,CA,Basic,2020-06-18
574,IN,Basic,2023-03-20
575,US,Premium,2021-12-24
576,DE,Basic,2022-05-08
577,CA,Premium,2017-08-01
578,CA,Basic,2018-05-26
579,US,Standard,2018-12-05
580,DE,Basic,2019-01-18
581,DE,Standard,2018-05-12
582,UK,Standard,2023-10-21
583,FR,Premium,2018-02-26
584,IN,Premium,2021-12-16
585,IN,Standard,2021-02-08
586,FR,Standard,2021-04-10
587,FR,Standard,2018-07-03
588,DE,Premium,2019-02-26
589,US,Standard,2021-03-31
590,DE,Premium,2019-02-04
591,CA,Basic,2021-11-10
592,AU,Standard,2017-04-12
593,UK,Standard,2017-07-06
594,BR,Basic,2022-02-05
595,AU,Basic,2021-04-26
596,DE,Premium,2017-04-21
597,BR,Standard,2023-04-17
598,DE,Basic,2017-01-13
599,US,Basic,2023-09-09
600,CA,Basic,2022-02-08
601,US,Standard,2023-12-01
602,AU,Premium,2023-08-23
603,DE,Premium,2019-03-12
604,UK,Standard,2022-04-18
605,DE,Standard,2018-06-24
606,UK,Basic,2020-04-20
607,BR,Premium,2018-09-06
608,AU,Basic,2020-05-27
609,CA,Basic,2023-02-08
610,IN,Premium,2020-01-20
611,UK,Premium,2017-08-25
612,CA,Basic,2019-04-10
613,AU,Standard,2022-07-04
614,CA,Standard,2020-08-26
615,US,Basic,2020-12-02
616,CA,Basic,2020-01-08
617,DE,Basic,2019-01-19
618,FR,Standard,2021-03-09
619,UK,Standard,2021-06-07
620,CA,Standard,2023-04-15
621,CA,Basic,2021-04-29
622,AU,Premium,2023-12-19
623,BR,Standard,2022-10-14
624,AU,Premium,2017-07-21
625,FR,Basic,2019-09-30
626,FR,Standard,2019-09-11
627,BR,Premium,2017-01-08
628,FR,Basic,2018-04-07
629,DE,Basic,2022-05-03
630,UK,Basic,2019-06-20
631,DE,Basic,2018-01-13
632,CA,Standard,2019-01-05
633,US,Basic,2018-12-04
634,IN,Basic,2018-03-23
635,BR,Standard,2017-09-16
636,CA,Basic,2022-05-07
637,CA,Basic,2022-10-09
638,CA,Standard,2020-06-22
639,BR,Basic,2021-04-23
640,UK,Basic,2023-06-08
641,UK,Basic,2022-11-24
642,CA,Basic,2017-03-25
643,AU,Standard,2023-09-02
644,DE,Basic,2017-06-21
645,BR,Basic,2017-03-09
646,IN,Premium,2019-10-28
647,US,Premium,2022-03-22
648,BR,Basic,2017-07-25
649,FR,Basic,2019-01-19
650,FR,Standard,2018-11-03
651,US,Premium,2019-10-13
652,BR,Premium,2023-11-26
653,AU,Basic,2019-04-28
654,DE,Basic,2018-06-19
655,CA,Standard,2017-11-09
656,BR,Premium,2018-05-22
657,AU,Premium,2017-12-07
658,FR,Basic,2021-01-06
659,FR,Standard,2019-12-11
660,US,Basic,2020-06-26
661,CA,Standard,2022-10-28
662,AU,Premium,2021-01-23
663,DE,Standard,2018-02-01
664,UK,Basic,2019-08-21
665,IN,Standard,2019-03-10
666,CA,Standard,2022-10-15
667,CA,Premium,2019-02-24
668,US,Basic,2017-12-21
669,DE,Premium,2022-02-25
670,UK,Basic,2019-12-31
671,US,Basic,2017-09-03
672,UK,Basic,2021-10-30
673,UK,Basic,2018-06-23
674,FR,Basic,2023-01-29
675,FR,Standard,2022-10-29
676,AU,Basic,2019-08-03
677,BR,Basic,2020-11-21
678,UK,Basic,2020-12-22
679,AU,Basic,2021-07-29
680,FR,Premium,2017-06-26
681,US,Premium,2019-04-11
682,UK,Basic,2018-03-12
683,IN,Standard,2021-11-18
684,BR,Standard,2017-06-26
685,UK,Premium,2020-08-14
686,US,Basic,2022-02-04
687,US,Basic,2023-08-22
688,CA,Standard,2019-01-07
689,IN,Premium,2017-01-21
690,FR,Standard,2022-01-24
691,DE,Standard,2017-01-04
692,IN,Basic,2017-06-19
693,BR,Standard,2023-12-07
694,BR,Premium,2023-01-14
695,US,Basic,2021-12-14
696,FR,Standard,2022-11-06
697,AU,Standard,2017-07-12
698,BR,Standard,2017-08-16
699,UK,Standard,2019-02-08
700,DE,Standard,2017-03-02
701,AU,Premium,2023-03-21
702,CA,Standard,2017-05-24
703,FR,Basic,2020-10-22
704,CA,Basic,2022-12-22
705,AU,Basic,2022-02-22
706,CA,Basic,2018-08-23
707,CA,Basic,2020-04-17
708,UK,Standard,2020-11-02
709,US,Basic,2022-05-17
710,DE,Basic,2019-12-26
711,UK,Standard,2018-12-30
712,UK,Basic,2022-07-27
713,FR,Standard,2023-03-16
714,FR,Premium,2020-06-03
715,AU,Standard,2017-03-13
716,DE,Basic,2020-07-03
717,FR,Basic,2023-03-24
718,IN,Standard,2023-12-04
719,US,Standard,2019-10-23
720,IN,Basic,2018-01-19
721,BR,Standard,2021-01-02
722,UK,Standard,2022-10-25
723,US,Basic,2023-08-13
724,UK,Standard,2017-05-13
725,UK,Basic,2019-01-13
726,FR,Basic,2020-05-05
727,BR,Premium,2017-09-09
728,FR,Basic,2023-03-16
729,US,Standard,2017-10-14
730,UK,Standard,2021-08-28
731,IN,Basic,2023-06-07
732,UK,Premium,2021-10-18
733,FR,Basic,2022-05-05
734,IN,Basic,2018-11-05
735,UK,Premium,2022-10-17
736,IN,Standard,2019-12-06
737,DE,Standard,2017-06-06
738,US,Basic,2019-07-26
739,UK,Basic,2019-06-14
740,DE,Standard,2020-08-25
741,CA,Basic,2018-11-08
742,AU,Basic,2020-03-27
743,FR,Standard,2019-12-30
744,CA,Basic,2019-04-16
745,BR,Basic,2021-11-15
746,BR,Basic,2019-02-20
747,CA,Standard,2022-05-12
748,US,Standard,2018-10-04
749,UK,Premium,2023-01-20
750,FR,Basic,2019-07-23
751,IN,Basic,2017-04-15
752,DE,Standard,2018-01-19
753,FR,Basic,2022-08-23
754,CA,Standard,2023-02-08
755,IN,Premium,2018-06-26
756,AU,Standard,2021-03-20
757,FR,Standard,2021-01-08
758,DE,Premium,2017-12-08
759,UK,Basic,2020-03-01
760,AU,Premium,2021-11-09
761,CA,Standard,2023-10-08
762,UK,Standard,2022-12-07
763,US,Premium,2017-09-08
764,BR,Standard,2018-08-31
765,DE,Standard,2020-01-22
766,AU,Basic,2018-01-20
767,IN,Standard,2020-12-29
768,FR,Standard,2017-01-23
769,FR,Basic,2017-10-18
770,US,Standard,2017-05-01
771,FR,Standard,2019-01-26
772,IN,Basic,2022-05-03
773,AU,Basic,2018-03-30
774,FR,Standard,2023-11-29
775,AU,Basic,2018-11-20
776,AU,Basic,2017-04-25
777,FR,Standard,2019-05-08
778,DE,Basic,2022-03-28
779,US,Basic,2017-09-30
780,UK,Standard,2017-07-03
781,AU,Basic,2022-12-11
782,US,Premium,2021-02-22
783,DE,Premium,2019-05-28
784,IN,Standard,2022-04-17
785,US,Premium,2022-11-29
786,AU,Premium,2019-07-08
787,IN,Basic,2020-12-05
788,CA,Standard,2017-01-28
789,US,Basic,2019-02-22
790,IN,Standard,2021-03-02
791,BR,Standard,2018-05-19
792,AU,Basic,2023-12-09
793,BR,Basic,2023-10-19
794,CA,Premium,2018-10-21
795,IN,Basic,2019-10-11
796,CA,Basic,2018-04-30
797,CA,Basic,2020-07-12
798,IN,Standard,2017-11-13
799,DE,Premium,2019-09-27
800,IN,Standard,2020-11-20
801,BR,Standard,2021-04-13
802,CA,Basic,2021-03-05
803,FR,Basic,2018-07-20
804,BR,Standard,2022-07-19
805,DE,Premium,2021-11-04
806,FR,Standard,2022-04-09
807,DE,Standard,2020-04-10
808,AU,Standard,2023-04-01
809,CA,Standard,2019-09-24
810,AU,Standard,2022-08-22
811,BR,Standard,2018-06-05
812,BR,Standard,2018-09-25
813,DE,Standard,2020-09-08
814,FR,Premium,2020-11-21
815,UK,Standard,2022-03-23
816,UK,Basic,2019-01-31
817,AU,Basic,2023-02-09
818,FR,Standard,2019-04-23
819,IN,Standard,2020-09-27
820,CA,Standard,2023-07-11
821,BR,Standard,2020-10-10
822,IN,Basic,2021-10-09
823,AU,Standard,2023-05-12
824,US,Standard,2023-10-28
825,FR,Standard,2020-06-30
826,FR,Standard,2019-12-02
827,FR,Basic,2018-05-19
828,CA,Standard,2020-10-05
829,DE,Standard,2023-06-06
830,UK,Premium,2020-05-30
831,FR,Standard,2019-06-10
832,US,Basic,2017-10-02
833,DE,Standard,2019-09-24
834,FR,Standard,2018-08-29
835,CA,Basic,2023-11-02
836,BR,Premium,2020-09-10
837,IN,Basic,2017-12-17
838,CA,Basic,2017-06-22
839,CA,Basic,2022-12-15
840,BR,Basic,2023-07-09
841,UK,Premium,2022-05-05
842,BR,Standard,2017-11-13
843,DE,Basic,2017-09-09
844,UK,Standard,2018-05-22
845,UK,Basic,2022-04-04
846,IN,Basic,2022-05-11
847,CA,Basic,2022-11-12
848,DE,Standard,2017-09-05
849,UK,Basic,2018-01-27
850,US,Standard,2023-04-21
851,UK,Basic,2023-07-02
852,FR,Standard,2022-01-29
853,IN,Premium,2017-09-29
854,CA,Basic,2017-06-25
855,BR,Basic,2017-05-23
856,AU,Premium,2021-11-04
857,IN,Standard,2022-12-03
858,AU,Standard,2021-06-03
859,DE,Basic,2018-11-01
860,BR,Basic,2022-04-20
861,IN,Standard,2017-06-01
862,FR,Premium,2022-10-18
863,US,Basic,2023-03-30
864,FR,Standard,2022-01-11
865,AU,Standard,2023-02-26
866,AU,Basic,2021-02-07
867,DE,Basic,2020-04-12
868,US,Basic,2019-04-05
869,IN,Standard,2023-06-14
870,CA,Standard,2021-11-18
871,US,Standard,2018-05-02
872,FR,Basic,2023-09-13
873,AU,Standard,2017-06-01
874,UK,Standard,2021-02-10
875,DE,Standard,2018-05-03
876,UK,Standard,2021-08-26
877,DE,Basic,2019-11-21
878,CA,Standard,2020-01-23
879,FR,Basic,2021-09-13
880,FR,Basic,2022-04-17
881,UK,Basic,2019-08-30
882,UK,Standard,2023-12-26
883,BR,Standard,2020-06-28
884,US,Basic,2018-02-14
885,CA,Premium,2017-01-17
886,CA,Premium,2018-06-02
887,AU,Basic,2021-11-02
888,UK,Standard,2020-10-10
889,CA,Basic,2019-05-14
890,AU,Premium,2020-05-15
891,US,Basic,2022-11-13
892,UK,Basic,2020-12-31
893,CA,Standard,2017-05-29
894,IN,Basic,2017-05-06
895,IN,Standard,2020-05-17
896,BR,Standard,2019-10-31
897,UK,Basic,2022-12-14
898,UK,Standard,2021-01-30
899,AU,Premium,2022-04-19
900,BR,Standard,2021-02-04
901,CA,Standard,2019-06-02
902,IN,Basic,2021-08-08
903,BR,Basic,2021-05-08
904,FR,Premium,2022-01-15
905,IN,Standard,2018-04-29
906,CA,Standard,2021-06-28
907,CA,Premium,2018-12-31
908,CA,Basic,2022-07-13
909,US,Standard,2022-08-04
910,AU,Basic,2021-05-16
911,IN,Basic,2023-08-17
912,BR,Standard,2020-10-05
913,UK,Basic,2017-03-06
914,AU,Premium,2021-03-30
915,US,Basic,2022-06-11
916,AU,Premium,2017-09-16
917,CA,Standard,2017-09-25
918,CA,Standard,2018-11-30
919,CA,Premium,2022-11-28
920,BR,Standard,2020-09-10
921,UK,Basic,2023-11-01
922,DE,Basic,2023-02-10
923,DE,Basic,2020-11-19
924,BR,Premium,2021-10-02
925,UK,Standard,2019-04-27
926,CA,Basic,2017-08-20
927,DE,Basic,2019-10-17
928,UK,Standard,2021-02-22
929,IN,Standard,2018-04-11
930,BR,Basic,2018-07-21
931,CA,Standard,2017-02-08
932,BR,Standard,2022-02-20
933,CA,Standard,2023-04-18
934,FR,Basic,2022-10-16
935,DE,Standard,2019-08-30
936,UK,Basic,2021-02-25
937,DE,Basic,2023-09-22
938,UK,Standard,2021-02-20
939,BR,Standard,2019-01-27
940,AU,Basic,2019-05-16
941,BR,Premium,2022-02-02
942,DE,Basic,2020-02-15
943,FR,Standard,2022-11-11
944,DE,Premium,2023-01-18
945,BR,Standard,2017-04-02
946,FR,Premium,2022-01-23
947,DE,Standard,2019-08-04
948,DE,Standard,2020-08-21
949,DE,Standard,2018-11-08
950,FR,Standard,2019-07-31
951,IN,Basic,2019-04-25
952,DE,Standard,2017-05-09
953,BR,Basic,2022-06-24
954,BR,Premium,2018-01-01
955,DE,Basic,2019-08-19
956,AU,Basic,2018-05-09
957,US,Premium,2018-02-15
958,AU,Basic,2019-08-13
959,UK,Basic,2023-06-07
960,FR,Standard,2023-08-11
961,UK,Basic,2019-09-03
962,DE,Basic,2020-07-15
963,UK,Standard,2023-11-25
964,IN,Basic,2018-08-24
965,CA,Basic,2023-08-12
966,BR,Basic,2017-09-28
967,AU,Basic,2018-08-01
968,FR,Basic,2019-05-15
969,FR,Basic,2017-04-05
970,IN,Standard,2022-09-17
971,US,Standard,2022-12-27
972,IN,Basic,2019-09-07
973,US,Basic,2022-11-08
974,IN,Premium,2022-05-29
975,UK,Standard,2022-08-11
976,IN,Standard,2022-08-14
977,BR,Standard,2021-01-05
978,US,Basic,2017-10-11
979,FR,Premium,2023-06-19
980,DE,Premium,2021-04-05
981,UK,Premium,2023-04-23
982,FR,Basic,2023-09-18
983,AU,Basic,2018-04-24
984,CA,Basic,2019-10-25
985,AU,Basic,2018-05-08
986,BR,Basic,2017-05-11
987,FR,Standard,2023-10-07
988,FR,Basic,2023-06-18
989,UK,Premium,2023-07-10
990,US,Basic,2023-03-09
991,FR,Basic,2021-07-17
992,BR,Premium,2020-08-27
993,US,Standard,2023-12-10
994,IN,Basic,2020-11-12
995,IN,Standard,2021-07-01
996,BR,Basic,2018-06-26
997,UK,Basic,2022-03-24
998,DE,Standard,2022-09-26
999,DE,Basic,2021-10-01
1000,BR,Standard,2020-06-28
1001,AU,Basic,2018-05-21
1002,DE,Standard,2017-03-28
1003,AU,Standard,2021-05-23
1004,FR,Basic,2021-10-12
1005,DE,Basic,2022-05-29
1006,CA,Standard,2023-08-27
1007,FR,Standard,2020-06-25
1008,IN,Standard,2022-10-21
1009,AU,Standard,2022-01-05
1010,IN,Standard,2018-12-10
1011,CA,Basic,2022-12-01
1012,FR,Standard,2017-05-17
1013,IN,Basic,2021-03-11
1014,DE,Standard,2023-08-01
1015,DE,Basic,2021-08-12
1016,BR,Basic,2023-07-24
1017,FR,Standard,2017-05-24
1018,IN,Standard,2020-09-22
1019,DE,Standard,2022-06-19
1020,UK,Standard,2021-06-30
1021,FR,Premium,2023-03-01
1022,AU,Premium,2020-03-28
1023,FR,Premium,2021-10-11
1024,IN,Standard,2019-12-09
1025,CA,Standard,2023-02-08
1026,AU,Standard,2017-11-02
1027,US,Standard,2018-10-12
1028,AU,Basic,2017-09-05
1029,DE,Standard,2021-11-30
1030,AU,Basic,2018-08-18
1031,AU,Basic,2019-03-22
1032,BR,Premium,2022-11-09
1033,AU,Basic,2019-07-10
1034,FR,Standard,2018-01-08
1035,BR,Standard,2017-02-23
1036,US,Basic,2018-08-03
1037,CA,Premium,2023-05-27
1038,FR,Basic,2020-11-03
1039,BR,Premium,2023-12-18
1040,BR,Standard,2018-07-04
1041,FR,Basic,2019-06-18
1042,FR,Basic,2018-02-22
1043,FR,Basic,2019-10-16
1044,BR,Basic,2020-12-10
1045,BR,Basic,2022-08-28
1046,CA,Premium,2019-07-30
1047,FR,Basic,2022-05-27
1048,DE,Premium,2021-05-20
1049,BR,Basic,2019-01-16
1050,FR,Premium,2023-05-21
1051,AU,Basic,2020-01-15
1052,DE,Standard,2018-01-21
1053,IN,Standard,2023-09-27
1054,CA,Basic,2023-05-24
1055,AU,Premium,2017-05-07
1056,US,Basic,2023-04-26
1057,DE,Standard,2023-08-19
1058,BR,Standard,2022-10-21
1059,AU,Standard,2018-10-14
1060,DE,Basic,2021-06-02
1061,DE,Basic,2020-10-07
1062,CA,Basic,2021-05-05
1063,AU,Basic,2021-04-25
1064,CA,Basic,2021-06-22
1065,CA,Premium,2020-08-06
1066,DE,Standard,2021-10-31
1067,CA,Standard,2020-09-08
1068,US,Basic,2017-02-12
1069,IN,Basic,2017-04-01
1070,IN,Standard,2023-09-15
1071,UK,Basic,2023-05-14
1072,BR,Basic,2021-02-05
1073,FR,Standard,2018-03-23
1074,US,Standard,2022-06-21
1075,IN,Premium,2018-01-02
1076,FR,Basic,2019-08-23
1077,BR,Standard,2019-04-24
1078,US,Basic,2017-02-01
1079,US,Basic,2022-08-25
1080,UK,Standard,2020-07-26
1081,UK,Basic,2019-03-20
1082,AU,Standard,2020-07-20
1083,IN,Standard,2017-01-01
1084,FR,Basic,2020-01-22
1085,FR,Premium,2020-08-21
1086,AU,Standard,2019-05-19
1087,DE,Standard,2022-10-24
1088,US,Standard,2018-10-01
1089,US,Premium,2017-12-19
1090,UK,Basic,2020-09-10
1091,IN,Standard,2023-03-18
1092,DE,Standard,2019-08-18
1093,DE,Basic,2017-04-30
1094,DE,Basic,2023-10-16
1095,AU,Premium,2020-02-10
1096,AU,Standard,2018-03-19
1097,US,Standard,2021-04-23
1098,CA,Standard,2019-03-29
1099,US,Premium,2023-07-25
1100,BR,Premium,2019-01-22
1101,DE,Standard,2020-11-07
1102,BR,Basic,2020-10-20
1103,IN,Basic,2018-09-12
1104,FR,Standard,2020-06-30
1105,UK,Premium,2017-10-06
1106,UK,Standard,2021-07-04
1107,US,Basic,2022-04-23
1108,FR,Basic,2023-08-26
1109,UK,Standard,2019-04-13
1110,UK,Premium,2018-12-31
1111,CA,Basic,2020-11-03
1112,BR,Standard,2021-11-06
1113,AU,Standard,2023-12-12
1114,DE,Premium,2017-03-06
1115,FR,Basic,2018-09-02
1116,AU,Premium,2018-11-02
1117,FR,Standard,2018-10-15
1118,FR,Standard,2020-03-31
1119,DE,Basic,2023-02-10
1120,FR,Standard,2017-03-21
1121,FR,Standard,2022-09-17
1122,IN,Basic,2021-04-28
1123,FR,Standard,2021-04-22
1124,FR,Standard,2021-09-30
1125,CA,Standard,2017-10-22
1126,AU,Basic,2022-03-24
1127,AU,Standard,2018-09-27
1128,US,Basic,2020-08-13
1129,UK,Premium,2021-09-27
1130,AU,Premium,2021-03-24
1131,UK,Basic,2019-04-06
1132,BR,Basic,2019-10-10
1133,BR,Basic,2020-05-02
1134,BR,Standard,2017-04-16
1135,CA,Premium,2022-01-30
1136,DE,Standard,2017-09-13
1137,FR,Basic,2020-03-18
1138,BR,Basic,2021-08-02
1139,US,Basic,2017-07-25
1140,UK,Premium,2023-12-20
1141,US,Standard,2019-08-23
1142,BR,Standard,2017-02-10
1143,AU,Basic,2021-08-11
1144,US,Premium,2020-11-26
1145,US,Basic,2021-06-25
1146,UK,Premium,2022-04-04
1147,AU,Premium,2020-04-30
1148,DE,Standard,2022-10-15
1149,UK,Premium,2019-08-05
1150,UK,Basic,2020-10-25
1151,FR,Standard,2018-02-10
1152,DE,Basic,2021-05-04
1153,US,Standard,2018-10-31
1154,BR,Basic,2021-11-16
1155,DE,Basic,2022-08-10
1156,UK,Basic,2023-01-05
1157,IN,Basic,2023-07-03
1158,IN,Standard,2017-11-09
1159,US,Standard,2017-12-19
1160,CA,Basic,2023-06-26
1161,CA,Premium,2019-09-01
1162,BR,Premium,2017-03-08
1163,IN,Basic,2019-01-04
1164,BR,Standard,2022-11-08
1165,IN,Standard,2019-06-27
1166,DE,Standard,2017-07-16
1167,FR,Basic,2022-01-20
1168,IN,Standard,2018-05-13
1169,DE,Basic,2019-06-21
1170,AU,Basic,2017-01-10
1171,AU,Standard,2021-03-19
1172,BR,Standard,2020-02-13
1173,AU,Premium,2023-01-26
1174,DE,Basic,2019-05-05
1175,CA,Basic,2018-06-07
1176,DE,Basic,2018-03-01
1177,IN,Basic,2018-05-27
1178,BR,Basic,2020-02-27
1179,DE,Standard,2017-08-11
1180,UK,Standard,2019-10-26
1181,DE,Standard,2022-12-25
1182,BR,Basic,2022-05-17
1183,CA,Basic,2021-06-17
1184,UK,Standard,2023-04-02
1185,US,Basic,2022-06-18
1186,BR,Premium,2021-07-26
1187,DE,Basic,2023-01-15
1188,CA,Standard,2017-11-14
1189,UK,Premium,2022-09-23
1190,CA,Standard,2019-01-26
1191,DE,Standard,2022-02-17
1192,AU,Standard,2023-05-24
1193,FR,Basic,2020-06-21
1194,BR,Standard,2017-08-15
1195,IN,Premium,2019-08-05
1196,AU,Premium,2019-11-06
1197,UK,Standard,2023-07-23
1198,AU,Basic,2023-08-07
1199,US,Standard,2020-12-23
1200,DE,Standard,2023-08-27
1201,IN,Basic,2020-01-21
1202,UK,Basic,2019-11-18
1203,UK,Basic,2022-11-09
1204,US,Standard,2021-09-02
1205,CA,Basic,2020-08-28
1206,FR,Basic,2020-03-13
1207,AU,Basic,2021-12-09
1208,US,Premium,2022-04-10
1209,DE,Basic,2020-06-07
1210,AU,Basic,2017-03-22
1211,BR,Standard,2017-09-18
1212,CA,Basic,2018-01-04
1213,FR,Premium,2020-03-27
1214,US,Premium,2021-04-19
1215,US,Standard,2022-08-17
1216,US,Standard,2018-08-18
1217,FR,Basic,2022-07-04
1218,US,Basic,2021-08-30
1219,UK,Basic,2017-05-13
1220,US,Basic,2019-06-17
1221,UK,Basic,2019-02-13
1222,IN,Standard,2023-03-17
1223,DE,Basic,2023-06-13
1224,UK,Basic,2022-09-26
1225,FR,Standard,2020-09-11
1226,FR,Standard,2020-06-13
1227,CA,Basic,2019-03-08
1228,AU,Basic,2022-05-30
1229,AU,Basic,2017-08-09
1230,FR,Basic,2018-11-25
1231,FR,Premium,2017-12-12
1232,IN,Premium,2020-06-17
1233,DE,Standard,2019-02-06
1234,UK,Standard,2018-05-20
1235,UK,Standard,2019-08-21
1236,US,Standard,2023-01-10
1237,BR,Basic,2020-11-27
1238,UK,Basic,2022-10-05
1239,UK,Standard,2023-05-25
1240,AU,Standard,2023-04-25
1241,FR,Basic,2019-06-17
1242,FR,Basic,2023-02-21
1243,US,Basic,2023-05-14
1244,UK,Basic,2023-09-19
1245,IN,Standard,2019-06-17
1246,DE,Standard,2018-08-07
1247,US,Standard,2021-02-02
1248,BR,Basic,2023-07-10
1249,DE,Basic,2023-04-21
1250,IN,Premium,2020-12-31
1251,UK,Standard,2018-01-17
1252,FR,Basic,2019-12-16
1253,BR,Basic,2021-12-31
1254,AU,Premium,2020-12-03
1255,US,Standard,2019-06-03
1256,IN,Premium,2019-05-26
1257,AU,Standard,2017-06-02
1258,IN,Standard,2019-01-08
1259,US,Standard,2021-09-07
1260,US,Basic,2018-09-09
1261,US,Standard,2023-12-15
1262,CA,Standard,2017-07-30
1263,BR,Basic,2021-02-13
1264,AU,Premium,2020-06-23
1265,FR,Basic,2022-10-31
1266,FR,Basic,2023-03-20
1267,BR,Basic,2020-10-21
1268,DE,Premium,2021-05-30
1269,DE,Premium,2021-11-22
1270,FR,Standard,2020-08-24
1271,UK,Premium,2018-04-18
1272,CA,Premium,2020-01-01
1273,FR,Premium,2018-09-10
1274,BR,Premium,2020-04-02
1275,CA,Basic,2021-04-22
1276,US,Standard,2018-06-19
1277,UK,Standard,2018-09-30
1278,BR,Standard,2022-10-05
1279,FR,Basic,2019-08-24
1280,FR,Standard,2018-05-23
1281,IN,Premium,2021-12-28
1282,UK,Basic,2022-01-06
1283,IN,Premium,2022-10-13
1284,CA,Basic,2022-04-27
1285,CA,Basic,2023-12-11
1286,BR,Basic,2021-01-09
1287,IN,Standard,2019-01-04
1288,US,Standard,2023-01-15
1289,DE,Basic,2018-11-08
1290,CA,Standard,2019-01-14
1291,IN,Basic,2022-10-19
1292,BR,Standard,2023-03-04
1293,UK,Premium,2019-05-18
1294,UK,Standard,2022-02-08
1295,US,Standard,2023-06-16
1296,DE,Standard,2022-08-04
1297,UK,Premium,2017-01-13
1298,US,Basic,2021-08-26
1299,DE,Basic,2018-03-11
1300,BR,Basic,2022-12-04
1301,BR,Standard,2017-06-21
1302,UK,Standard,2023-12-14
1303,AU,Standard,2018-03-30
1304,US,Basic,2019-12-10
1305,AU,Basic,2018-08-22
1306,UK,Standard,2022-09-12
1307,FR,Premium,2019-10-03
1308,US,Basic,2022-03-19
1309,BR,Basic,2017-06-21
1310,UK,Basic,2020-03-03
1311,BR,Standard,2023-05-18
1312,CA,Basic,2023-06-28
1313,FR,Basic,2018-06-18
1314,US,Standard,2019-10-06
1315,AU,Basic,2019-11-12
1316,DE,Basic,2020-12-16
1317,IN,Basic,2020-10-05
1318,AU,Premium,2017-09-28
1319,FR,Standard,2022-05-04
1320,CA,Basic,2018-08-01
1321,US,Basic,2019-03-16
1322,US,Standard,2022-11-19
1323,AU,Premium,2021-10-29
1324,AU,Basic,2019-10-11
1325,DE,Basic,2023-05-22
1326,AU,Basic,2019-10-05
1327,US,Standard,2020-12-16
1328,IN,Premium,2018-09-21
1329,DE,Standard,2018-04-14
1330,US,Basic,2020-06-10
1331,UK,Standard,2020-12-10
1332,DE,Standard,2022-08-22
1333,UK,Basic,2019-09-27
1334,US,Basic,2023-04-08
1335,UK,Basic,2021-04-02
1336,US,Standard,2017-06-29
1337,AU,Standard,2022-03-05
1338,DE,Standard,2021-01-09
1339,CA,Premium,2019-09-23
1340,FR,Basic,2020-04-09
1341,AU,Basic,2019-02-11
1342,UK,Basic,2021-04-20
1343,BR,Premium,2020-12-20
1344,FR,Standard,2020-02-18
1345,IN,Basic,2018-12-30
1346,UK,Basic,2019-10-16
1347,CA,Standard,2020-06-26
1348,UK,Standard,2020-04-21
1349,AU,Standard,2019-03-02
1350,BR,Basic,2021-01-27
1351,BR,Premium,2018-08-03
1352,AU,Standard,2020-07-04
1353,UK,Standard,2017-11-07
1354,UK,Standard,2020-04-21
1355,AU,Premium,2022-06-27
1356,FR,Premium,2022-09-22
1357,UK,Standard,2021-11-11
1358,UK,Standard,2022-03-21
1359,AU,Basic,2017-06-18
1360,CA,Premium,2019-05-23
1361,CA,Standard,2021-07-31
1362,IN,Basic,2022-08-09
1363,CA,Basic,2021-01-29
1364,US,Premium,2022-12-22
1365,AU,Premium,2018-11-29
1366,DE,Premium,2018-01-28
1367,IN,Standard,2017-08-09
1368,DE,Standard,2021-01-29
1369,CA,Premium,2021-08-28
1370,US,Basic,2018-12-31
1371,BR,Basic,2022-06-27
1372,CA,Premium,2022-03-05
1373,FR,Basic,2019-07-10
1374,UK,Standard,2018-09-03
1375,UK,Standard,2022-03-13
1376,AU,Standard,2021-09-13
1377,FR,Basic,2018-03-13
1378,FR,Standard,2018-10-15
1379,UK,Basic,2020-05-27
1380,DE,Premium,2020-07-30
1381,IN,Basic,2018-03-01
1382,CA,Standard,2023-08-22
1383,US,Standard,2019-09-21
1384,FR,Basic,2019-09-02
1385,FR,Basic,2017-06-04
1386,CA,Standard,2023-02-17
1387,BR,Basic,2018-08-25
1388,FR,Basic,2023-11-28
1389,US,Standard,2020-06-21
1390,BR,Premium,2023-02-15
1391,AU,Standard,2018-04-03
1392,DE,Basic,2018-02-28
1393,UK,Premium,2022-08-10
1394,UK,Standard,2022-09-27
1395,FR,Standard,2020-10-20
1396,CA,Standard,2017-03-24
1397,DE,Basic,2023-08-10
1398,CA,Basic,2019-10-03
1399,CA,Standard,2023-07-21
1400,DE,Basic,2023-02-04
1401,IN,Standard,2022-12-17
1402,AU,Basic,2021-10-27
1403,CA,Basic,2021-09-17
1404,US,Basic,2020-09-23
1405,DE,Standard,2017-03-05
1406,FR,Standard,2019-09-19
1407,AU,Basic,2022-02-11
1408,IN,Basic,2022-09-08
1409,FR,Basic,2020-12-01
1410,CA,Premium,2021-12-19
1411,CA,Basic,2017-02-25
1412,US,Standard,2020-04-12
1413,IN,Basic,2020-07-21
1414,UK,Basic,2023-04-01
1415,US,Standard,2019-03-07
1416,IN,Standard,2018-08-11
1417,BR,Basic,2019-06-20
1418,DE,Premium,2018-03-12
1419,AU,Basic,2020-11-28
1420,IN,Basic,2021-07-02
1421,IN,Basic,2022-08-10
1422,BR,Standard,2023-10-21
1423,US,Standard,2017-07-08
1424,BR,Basic,2018-09-24
1425,AU,Premium,2019-02-08
1426,AU,Standard,2018-10-01
1427,FR,Premium,2022-10-16
1428,BR,Premium,2017-12-23
1429,AU,Premium,2017-03-18
1430,BR,Standard,2023-01-09
1431,AU,Basic,2023-09-24
1432,BR,Standard,2018-08-02
1433,DE,Standard,2019-05-01
1434,IN,Standard,2020-07-10
1435,DE,Standard,2020-09-06
1436,BR,Basic,2023-12-08
1437,BR,Premium,2019-10-31
1438,AU,Basic,2017-02-01
1439,FR,Premium,2019-12-17
1440,DE,Basic,2020-11-23
1441,US,Basic,2020-08-14
1442,IN,Premium,2020-08-02
1443,FR,Premium,2023-06-17
1444,FR,Standard,2022-08-26
1445,IN,Premium,2018-10-06
1446,BR,Basic,2019-06-28
1447,US,Premium,2021-09-03
1448,DE,Basic,2019-11-15
1449,IN,Standard,2019-12-31
1450,BR,Standard,2018-03-06
1451,BR,Basic,2018-10-13
1452,BR,Standard,2022-03-09
1453,BR,Standard,2022-11-25
1454,AU,Basic,2022-06-29
1455,FR,Premium,2019-02-26
1456,US,Standard,2017-12-16
1457,FR,Basic,2018-02-13
1458,IN,Standard,2019-10-03
1459,CA,Basic,2020-08-16
1460,BR,Basic,2023-04-02
1461,FR,Standard,2023-04-17
1462,AU,Basic,2017-01-07
1463,US,Basic,2021-12-14
1464,AU,Standard,2019-02-03
1465,DE,Basic,2018-05-21
1466,FR,Premium,2020-11-19
1467,IN,Standard,2017-03-28
1468,FR,Basic,2019-05-04
1469,AU,Standard,2020-11-12
1470,US,Basic,2018-11-27
1471,IN,Standard,2021-02-25
1472,AU,Basic,2020-03-21
1473,US,Premium,2022-08-06
1474,UK,Basic,2018-04-09
1475,DE,Standard,2017-05-26
1476,IN,Basic,2020-09-15
1477,AU,Basic,2018-10-19
1478,BR,Standard,2021-12-12
1479,BR,Standard,2017-08-27
1480,DE,Premium,2021-01-10
1481,IN,Basic,2023-12-06
1482,US,Basic,2017-08-26
1483,DE,Basic,2019-02-11
1484,US,Basic,2022-11-29
1485,CA,Premium,2020-09-25
1486,BR,Premium,2018-03-24
1487,BR,Premium,2018-06-29
1488,FR,Basic,2022-05-09
1489,CA,Standard,2023-01-10
1490,CA,Standard,2019-07-11
1491,CA,Basic,2020-04-26
1492,IN,Standard,2022-06-24
1493,US,Basic,2018-03-29
1494,UK,Basic,2018-06-12
1495,BR,Premium,2022-06-03
1496,AU,Basic,2018-04-23
1497,BR,Premium,2022-05-25
1498,UK,Basic,2020-06-24
1499,FR,Basic,2023-12-06
1500,US,Basic,2017-03-26
1501,BR,Basic,2023-08-15
1502,CA,Standard,2018-07-30
1503,IN,Basic,2017-03-31
1504,FR,Standard,2022-01-25
1505,BR,Premium,2020-09-23
1506,DE,Basic,2022-11-11
1507,US,Basic,2017-10-04
1508,BR,Standard,2017-07-26
1509,IN,Standard,2020-12-20
1510,DE,Standard,2023-03-05
1511,UK,Basic,2019-11-04
1512,UK,Standard,2022-08-01
1513,DE,Standard,2023-05-06
1514,UK,Basic,2023-02-01
1515,UK,Basic,2020-07-24
1516,UK,Premium,2021-11-21
1517,CA,Basic,2020-09-05
1518,AU,Basic,2021-09-20
1519,US,Basic,2020-12-20
1520,US,Standard,2020-09-04
1521,US,Standard,2020-01-22
1522,AU,Basic,2021-07-27
1523,DE,Standard,2022-04-04
1524,UK,Standard,2023-06-08
1525,DE,Basic,2021-04-17
1526,CA,Premium,2017-09-14
1527,UK,Basic,2021-02-10
1528,US,Basic,2019-03-19
1529,BR,Premium,2017-03-10
1530,CA,Premium,2017-07-05
1531,DE,Basic,2021-02-20
1532,BR,Premium,2023-08-12
1533,BR,Standard,2020-07-16
1534,FR,Basic,2020-02-13
1535,US,Premium,2017-08-15
1536,UK,Standard,2021-09-23
1537,US,Basic,2017-05-22
1538,IN,Standard,2022-11-20
1539,UK,Basic,2022-09-18
1540,IN,Basic,2023-12-08
1541,IN,Premium,2018-12-28
1542,AU,Standard,2018-02-18
1543,UK,Standard,2019-02-05
1544,AU,Standard,2022-08-06
1545,DE,Standard,2018-07-14
1546,IN,Basic,2023-03-19
1547,IN,Premium,2018-01-30
1548,BR,Standard,2017-05-05
1549,DE,Standard,2018-07-15
1550,BR,Standard,2022-04-12
1551,UK,Basic,2021-03-20
1552,DE,Basic,2019-06-26
1553,DE,Basic,2021-08-04
1554,IN,Basic,2021-07-16
1555,FR,Standard,2020-11-18
1556,CA,Premium,2020-08-06
1557,BR,Basic,2017-09-17
1558,BR,Basic,2018-10-26
1559,CA,Standard,2020-09-10
1560,AU,Basic,2017-12-12
1561,IN,Premium,2020-05-01
1562,CA,Basic,2017-10-26
1563,DE,Basic,2022-07-06
1564,BR,Basic,2017-09-22
1565,UK,Premium,2017-08-25
1566,AU,Basic,2021-06-19
1567,DE,Standard,2018-07-18
1568,US,Basic,2019-06-18
1569,UK,Basic,2019-03-15
1570,FR,Premium,2018-07-08
1571,IN,Basic,2022-05-02
1572,AU,Basic,2021-11-04
1573,US,Standard,2018-09-03
1574,AU,Premium,2021-10-22
1575,FR,Basic,2021-12-29
1576,US,Basic,2020-10-10
1577,AU,Premium,2021-01-18
1578,UK,Standard,2023-07-18
1579,FR,Premium,2020-03-06
1580,IN,Standard,2019-09-13
1581,CA,Standard,2020-10-09
1582,US,Basic,2022-11-07
1583,IN,Basic,2021-12-19
1584,UK,Standard,2017-07-12
1585,CA,Standard,2020-03-19
1586,CA,Premium,2022-03-07
1587,BR,Standard,2018-07-27
1588,US,Basic,2023-12-02
1589,CA,Standard,2022-08-28
1590,FR,Standard,2022-12-04
1591,CA,Standard,2017-07-28
1592,IN,Standard,2021-01-21
1593,FR,Standard,2020-09-11
1594,IN,Basic,2021-05-22
1595,DE,Standard,2022-12-14
1596,BR,Standard,2019-06-23
1597,IN,Premium,2020-09-26
1598,DE,Standard,2021-10-03
1599,CA,Standard,2022-04-10
1600,UK,Standard,2022-05-24
1601,US,Standard,2019-05-12
1602,CA,Basic,2023-12-27
1603,UK,Premium,2017-01-25
1604,US,Premium,2020-06-12
1605,CA,Standard,2021-04-06
1606,UK,Standard,2017-06-06
1607,FR,Basic,2020-02-28
1608,US,Standard,2021-03-04
1609,UK,Standard,2021-04-03
1610,CA,Standard,2017-11-01
1611,CA,Basic,2018-12-11
1612,US,Standard,2018-09-18
1613,DE,Basic,2021-06-24
1614,IN,Standard,2019-04-21
1615,BR,Standard,2020-12-31
1616,IN,Basic,2022-02-12
1617,FR,Standard,2022-07-31
1618,AU,Premium,2018-04-15
1619,UK,Standard,2023-04-29
1620,BR,Basic,2018-02-28
1621,AU,Standard,2017-02-25
1622,FR,Basic,2017-04-25
1623,BR,Standard,2018-05-29
1624,US,Standard,2023-02-11
1625,AU,Basic,2018-06-16
1626,FR,Standard,2021-11-08
1627,US,Standard,2019-12-06
1628,CA,Standard,2017-04-13
1629,IN,Basic,2020-02-10
1630,DE,Basic,2017-03-14
1631,UK,Standard,2020-05-02
1632,DE,Basic,2020-11-28
1633,AU,Standard,2020-08-25
1634,DE,Basic,2018-12-24
1635,CA,Basic,2022-05-14
1636,UK,Standard,2021-03-06
1637,US,Basic,2018-10-14
1638,IN,Standard,2020-01-16
1639,BR,Basic,2017-10-05
1640,BR,Standard,2023-06-18
1641,IN,Basic,2022-04-09
1642,BR,Standard,2019-01-06
1643,DE,Standard,2021-09-22
1644,IN,Basic,2021-10-02
1645,CA,Standard,2021-04-08
1646,FR,Basic,2017-05-19
1647,FR,Standard,2023-02-24
1648,CA,Basic,2023-09-10
1649,FR,Standard,2023-10-26
1650,IN,Basic,2023-11-12
1651,UK,Premium,2023-07-03
1652,FR,Standard,2022-03-05
1653,UK,Standard,2017-05-26
1654,UK,Basic,2020-04-04
1655,US,Basic,2018-09-19
1656,UK,Basic,2018-07-17
1657,BR,Premium,2022-10-25
1658,AU,Standard,2022-09-08
1659,IN,Basic,2020-08-27
1660,FR,Standard,2022-02-26
1661,FR,Standard,2017-11-27
1662,DE,Basic,2018-07-22
1663,DE,Standard,2023-01-09
1664,FR,Basic,2020-02-28
1665,BR,Basic,2020-10-29
1666,DE,Standard,2020-03-28
1667,FR,Basic,2018-06-01
1668,DE,Premium,2022-10-14
1669,UK,Standard,2022-04-23
1670,UK,Premium,2021-10-14
1671,CA,Standard,2019-06-22
1672,DE,Premium,2021-07-02
1673,IN,Basic,2023-09-03
1674,IN,Standard,2021-07-19
1675,AU,Standard,2020-06-17
1676,CA,Premium,2018-11-23
1677,BR,Basic,2020-08-29
1678,BR,Standard,2019-08-09
1679,DE,Standard,2021-04-12
1680,UK,Basic,2017-04-27
1681,UK,Premium,2018-05-02
1682,IN,Basic,2022-07-05
1683,BR,Basic,2019-09-01
1684,IN,Standard,2020-01-12
1685,FR,Standard,2020-10-22
1686,IN,Basic,2020-01-26
1687,CA,Basic,2022-04-24
1688,FR,Basic,2018-09-20
1689,CA,Standard,2022-04-23
1690,AU,Premium,2018-06-20
1691,AU,Standard,2019-08-06
1692,FR,Basic,2021-02-11
1693,UK,Standard,2023-03-15
1694,IN,Premium,2018-08-18
1695,IN,Standard,2021-02-10
1696,IN,Basic,2017-06-14
1697,FR,Basic,2017-07-12
1698,US,Premium,2022-05-16
1699,CA,Premium,2022-01-12
1700,UK,Basic,2019-08-21
1701,FR,Premium,2021-05-12
1702,DE,Basic,2019-08-30
1703,FR,Basic,2018-12-10
1704,UK,Standard,2020-01-08
1705,AU,Standard,2019-03-09
1706,UK,Standard,2022-09-15
1707,BR,Premium,2019-11-19
1708,DE,Premium,2019-04-01
1709,DE,Basic,2020-10-02
1710,FR,Standard,2022-04-22
1711,UK,Standard,2018-12-01
1712,US,Standard,2023-07-30
1713,DE,Premium,2020-03-30
1714,BR,Standard,2021-08-17
1715,US,Basic,2023-09-13
1716,DE,Basic,2020-01-09
1717,IN,Premium,2018-05-26
1718,IN,Premium,2022-03-27
1719,DE,Basic,2017-01-17
1720,CA,Basic,2020-03-16
1721,CA,Standard,2023-11-10
1722,DE,Basic,2019-11-26
1723,BR,Basic,2021-10-15
1724,CA,Premium,2020-09-04
1725,AU,Premium,2018-07-03
1726,IN,Premium,2019-03-24
1727,CA,Standard,2020-08-31
1728,UK,Basic,2017-09-24
1729,US,Premium,2019-11-27
1730,AU,Basic,2019-11-27
1731,FR,Basic,2022-11-05
1732,UK,Premium,2017-11-13
1733,UK,Standard,2022-11-24
1734,FR,Premium,2019-11-16
1735,CA,Basic,2021-07-23
1736,UK,Premium,2020-11-24
1737,US,Standard,2019-02-06
1738,FR,Standard,2023-07-07
1739,IN,Premium,2018-07-28
1740,DE,Basic,2017-04-03
1741,US,Standard,2022-04-02
1742,UK,Standard,2021-05-08
1743,BR,Standard,2023-03-27
1744,US,Premium,2020-03-15
1745,US,Standard,2017-02-13
1746,CA,Basic,2017-02-21
1747,BR,Basic,2020-01-13
1748,CA,Premium,2018-09-30
1749,FR,Premium,2023-06-16
1750,AU,Premium,2017-10-30
1751,IN,Basic,2023-03-02
1752,DE,Basic,2018-07-09
1753,US,Standard,2017-11-02
1754,CA,Standard,2018-12-03
1755,US,Basic,2018-01-04
1756,AU,Standard,2019-10-23
1757,US,Basic,2019-04-25
1758,CA,Standard,2020-09-14
1759,BR,Basic,2020-10-04
1760,DE,Basic,2017-01-03
1761,UK,Basic,2017-11-16
1762,IN,Premium,2018-02-18
1763,FR,Standard,2018-05-13
1764,AU,Premium,2017-08-28
1765,DE,Standard,2019-03-16
1766,IN,Standard,2020-11-05
1767,AU,Basic,2019-03-01
1768,DE,Standard,2019-04-22
1769,UK,Basic,2020-04-15
1770,AU,Standard,2020-11-02
1771,US,Premium,2019-04-26
1772,CA,Premium,2018-07-21
1773,FR,Basic,2019-11-13
1774,AU,Standard,2017-03-03
1775,CA,Basic,2020-06-13
1776,BR,Basic,2023-08-04
1777,BR,Standard,2019-10-15
1778,AU,Standard,2017-10-04
1779,DE,Standard,2021-12-13
1780,UK,Basic,2017-11-21
1781,FR,Premium,2018-05-10
1782,US,Premium,2018-01-10
1783,BR,Standard,2023-03-09
1784,IN,Premium,2023-11-14
1785,DE,Basic,2020-12-26
1786,FR,Standard,2021-04-28
1787,IN,Premium,2021-07-08
1788,FR,Premium,2021-04-09
1789,BR,Premium,2020-10-22
1790,AU,Standard,2023-11-28
1791,AU,Premium,2022-02-17
1792,FR,Standard,2017-08-15
1793,IN,Basic,2019-09-29
1794,UK,Basic,2023-10-27
1795,CA,Standard,2019-10-29
1796,DE,Standard,2018-06-06
1797,BR,Standard,2023-01-29
1798,US,Premium,2021-05-12
1799,FR,Standard,2020-12-08
1800,US,Basic,2019-12-10
1801,DE,Standard,2017-11-14
1802,US,Standard,2019-09-09
1803,IN,Standard,2020-01-24
1804,BR,Standard,2023-07-09
1805,BR,Standard,2019-02-25
1806,IN,Standard,2018-01-17
1807,US,Standard,2019-12-29
1808,FR,Premium,2023-12-24
1809,CA,Basic,2020-05-17
1810,UK,Standard,2019-08-28
1811,FR,Standard,2021-09-01
1812,IN,Basic,2021-07-17
1813,CA,Standard,2019-02-04
1814,BR,Standard,2023-10-10
1815,DE,Standard,2021-02-24
1816,AU,Standard,2017-05-28
1817,FR,Basic,2019-11-08
1818,FR,Basic,2023-06-17
1819,IN,Basic,2019-10-03
1820,BR,Standard,2020-12-22
1821,US,Standard,2021-04-15
1822,FR,Premium,2021-12-06
1823,CA,Standard,2023-02-08
1824,DE,Basic,2018-01-17
1825,BR,Basic,2020-08-13
1826,BR,Basic,2020-09-25
1827,UK,Standard,2018-01-25
1828,DE,Basic,2021-09-18
1829,FR,Standard,2017-10-29
1830,DE,Standard,2020-03-12
1831,US,Standard,2019-04-25
1832,UK,Basic,2018-02-01
1833,DE,Basic,2022-10-03
1834,FR,Standard,2018-09-16
1835,AU,Standard,2018-10-15
1836,FR,Basic,2022-12-24
1837,DE,Premium,2023-02-21
1838,IN,Standard,2017-03-30
1839,BR,Standard,2018-12-12
1840,DE,Basic,2021-12-17
1841,DE,Basic,2022-06-12
1842,US,Basic,2023-12-30
1843,BR,Basic,2020-11-18
1844,BR,Standard,2017-01-20
1845,US,Standard,2023-02-12
1846,UK,Premium,2018-02-16
1847,UK,Premium,2017-11-05
1848,AU,Basic,2021-09-20
1849,CA,Basic,2021-03-24
1850,US,Standard,2017-06-03
1851,UK,Premium,2018-03-09
1852,FR,Premium,2021-02-16
1853,US,Basic,2018-10-15
1854,FR,Basic,2021-10-15
1855,IN,Basic,2019-11-19
1856,BR,Premium,2021-02-12
1857,CA,Standard,2020-04-28
1858,US,Standard,2019-07-23
1859,CA,Standard,2019-05-26
1860,AU,Basic,2021-11-18
1861,IN,Standard,2020-08-07
1862,FR,Basic,2021-02-28
1863,BR,Standard,2021-01-15
1864,FR,Standard,2018-06-15
1865,US,Standard,2023-05-24
1866,FR,Basic,2020-12-10
1867,IN,Premium,2022-01-10
1868,CA,Standard,2023-03-05
1869,FR,Basic,2023-06-22
1870,DE,Basic,2021-09-01
1871,CA,Standard,2022-07-05
1872,UK,Basic,2020-04-20
1873,DE,Basic,2022-03-01
1874,UK,Basic,2019-04-02
1875,UK,Basic,2021-12-25
1876,IN,Standard,2017-08-08
1877,DE,Standard,2023-05-26
1878,DE,Basic,2018-09-18
1879,BR,Standard,2021-08-06
1880,CA,Basic,2017-01-29
1881,UK,Basic,2018-02-03
1882,CA,Basic,2023-11-27
1883,AU,Standard,2022-11-01
1884,US,Premium,2018-07-23
1885,BR,Standard,2017-12-01
1886,US,Basic,2022-09-14
1887,UK,Basic,2023-12-06
1888,FR,Basic,2018-03-08
1889,BR,Premium,2021-08-25
1890,US,Basic,2018-12-26
1891,US,Premium,2022-03-18
1892,AU,Standard,2019-12-06
1893,UK,Standard,2017-11-17
1894,US,Premium,2019-04-10
1895,IN,Basic,2020-10-08
1896,CA,Standard,2022-08-03
1897,BR,Basic,2017-02-23
1898,AU,Premium,2023-09-14
1899,BR,Standard,2021-07-19
1900,UK,Basic,2023-02-16
1901,CA,Premium,2023-07-06
1902,DE,Basic,2018-01-28
1903,UK,Basic,2017-08-28
1904,AU,Standard,2022-06-09
1905,IN,Standard,2018-04-26
1906,AU,Premium,2018-01-14
1907,BR,Standard,2020-04-12
1908,IN,Standard,2023-05-24
1909,CA,Basic,2022-07-27
1910,CA,Basic,2020-08-16
1911,CA,Premium,2018-05-18
1912,FR,Basic,2019-05-10
1913,US,Standard,2021-10-26
1914,AU,Basic,2018-02-06
1915,US,Basic,2020-09-02
1916,AU,Standard,2017-01-31
1917,IN,Standard,2019-04-11
1918,CA,Standard,2018-09-26
1919,CA,Premium,2021-10-07
1920,DE,Basic,2023-05-26
1921,UK,Standard,2018-01-10
1922,UK,Basic,2022-07-31
1923,FR,Standard,2021-08-04
1924,US,Basic,2023-10-15
1925,US,Standard,2023-05-19
1926,IN,Basic,2017-09-15
1927,AU,Premium,2022-03-15
1928,UK,Premium,2021-02-22
1929,AU,Premium,2017-10-17
1930,UK,Basic,2018-10-20
1931,UK,Premium,2023-06-28
1932,CA,Basic,2020-10-19
1933,DE,Basic,2019-05-16
1934,DE,Basic,2019-03-31
1935,IN,Basic,2022-11-12
1936,US,Standard,2018-12-26
1937,US,Basic,2018-02-11
1938,DE,Basic,2021-01-06
1939,CA,Standard,2023-12-12
1940,US,Premium,2018-04-14
1941,IN,Standard,2018-10-15
1942,AU,Standard,2020-04-14
1943,FR,Basic,2018-05-26
1944,US,Premium,2021-07-22
1945,AU,Basic,2018-10-11
1946,FR,Basic,2017-11-24
1947,IN,Basic,2018-10-30
1948,US,Standard,2023-07-07
1949,FR,Basic,2023-07-18
1950,CA,Standard,2020-07-16
1951,IN,Basic,2019-10-21
1952,US,Standard,2022-09-26
1953,AU,Standard,2018-05-12
1954,CA,Basic,2021-07-30
1955,IN,Standard,2021-10-05
1956,US,Standard,2021-12-20
1957,IN,Standard,2018-07-12
1958,DE,Basic,2022-01-05
1959,AU,Standard,2021-04-14
1960,IN,Basic,2023-02-15
1961,UK,Basic,2018-03-22
1962,CA,Basic,2021-04-18
1963,FR,Standard,2022-10-22
1964,DE,Basic,2018-12-13
1965,CA,Standard,2022-03-17
1966,FR,Basic,2017-09-12
1967,US,Standard,2022-01-10
1968,US,Basic,2021-03-30
1969,CA,Standard,2018-05-08
1970,UK,Standard,2017-06-19
1971,US,Basic,2022-03-21
1972,CA,Basic,2018-09-09
1973,DE,Standard,2020-06-25
1974,US,Premium,2017-06-05
1975,US,Premium,2023-09-29
1976,DE,Basic,2020-11-03
1977,CA,Standard,2023-07-10
1978,AU,Basic,2018-02-14
1979,DE,Basic,2018-06-11
1980,AU,Standard,2021-04-10
1981,AU,Standard,2021-03-26
1982,AU,Standard,2022-07-15
1983,FR,Premium,2023-07-01
1984,DE,Basic,2022-10-02
1985,IN,Standard,2017-12-25
1986,CA,Basic,2019-03-03
1987,BR,Basic,2023-05-25
1988,UK,Basic,2020-11-04
1989,CA,Premium,2023-01-26
1990,US,Standard,2020-12-10
1991,US,Basic,2017-05-08
1992,CA,Standard,2020-04-23
1993,IN,Premium,2022-10-09
1994,CA,Premium,2021-08-02
1995,BR,Standard,2017-12-06
1996,DE,Basic,2018-06-21
1997,IN,Standard,2022-12-24
1998,UK,Premium,2023-11-08
1999,US,Premium,2022-04-09
2000,US,Premium,2017-09-08
